service,current_rank,desired_rank,quantity,previous_boostingpedia_cents,reference_subtotal_cents,permanent_discount_bps,progressive_discount_bps,discounted_reference_cents,boostingpedia_target_cents
rank,bronze-1,bronze-2,1,199,291,4500,0,160,96
rank,bronze-1,bronze-3,1,398,583,4500,0,321,193
rank,bronze-1,silver-1,1,599,874,4500,0,481,289
rank,bronze-1,silver-2,1,804,1166,4500,0,641,385
rank,bronze-1,silver-3,1,985,1504,4500,0,827,496
rank,bronze-1,gold-1,1,1210,1843,4500,0,1014,608
rank,bronze-1,gold-2,1,1397,2230,4500,0,1227,736
rank,bronze-1,gold-3,1,1651,2617,4500,0,1439,863
rank,bronze-1,platinum-1,1,2032,3304,4500,0,1817,1090
rank,bronze-1,platinum-2,1,2232,3887,4500,0,2138,1283
rank,bronze-1,platinum-3,1,2791,4467,4500,0,2457,1474
rank,bronze-1,diamond-1,1,3390,5442,4500,300,2830,1698
rank,bronze-1,diamond-2,1,3990,6583,4500,300,3423,2054
rank,bronze-1,diamond-3,1,4749,7992,4500,300,4156,2494
rank,bronze-1,champion-1,1,5748,9845,4500,300,5119,3071
rank,bronze-1,champion-2,1,6787,11778,4500,600,5771,3463
rank,bronze-1,champion-3,1,9066,14181,4500,600,6949,4169
rank,bronze-1,grand-champion-1,1,11546,17544,4500,900,8070,4842
rank,bronze-1,grand-champion-2,1,14065,22350,4500,1200,9611,5767
rank,bronze-1,grand-champion-3,1,19744,29079,4500,1200,12504,7502
rank,bronze-1,supersonic-legend,1,25743,41268,4500,1200,17745,10647
rank,bronze-2,bronze-3,1,199,291,4500,0,160,96
rank,bronze-2,silver-1,1,448,583,4500,0,321,193
rank,bronze-2,silver-2,1,615,874,4500,0,481,289
rank,bronze-2,silver-3,1,851,1213,4500,0,667,400
rank,bronze-2,gold-1,1,1030,1552,4500,0,854,512
rank,bronze-2,gold-2,1,1300,1939,4500,0,1066,640
rank,bronze-2,gold-3,1,1482,2326,4500,0,1279,767
rank,bronze-2,platinum-1,1,1863,3013,4500,0,1657,994
rank,bronze-2,platinum-2,1,2202,3596,4500,0,1978,1187
rank,bronze-2,platinum-3,1,2632,4175,4500,0,2296,1378
rank,bronze-2,diamond-1,1,3231,5151,4500,300,2679,1607
rank,bronze-2,diamond-2,1,3830,6292,4500,300,3272,1963
rank,bronze-2,diamond-3,1,4590,7700,4500,300,4004,2402
rank,bronze-2,champion-1,1,5589,9553,4500,300,4968,2981
rank,bronze-2,champion-2,1,6628,11487,4500,600,5629,3377
rank,bronze-2,champion-3,1,8907,13889,4500,600,6806,4084
rank,bronze-2,grand-champion-1,1,11386,17253,4500,900,7936,4762
rank,bronze-2,grand-champion-2,1,13906,22059,4500,1200,9485,5691
rank,bronze-2,grand-champion-3,1,19585,28788,4500,1200,12379,7427
rank,bronze-2,supersonic-legend,1,25584,40977,4500,1200,17620,10572
rank,bronze-3,silver-1,1,249,291,4500,0,160,96
rank,bronze-3,silver-2,1,448,583,4500,0,321,193
rank,bronze-3,silver-3,1,662,922,4500,0,507,304
rank,bronze-3,gold-1,1,899,1260,4500,0,693,416
rank,bronze-3,gold-2,1,1120,1647,4500,0,906,544
rank,bronze-3,gold-3,1,1390,2034,4500,0,1119,671
rank,bronze-3,platinum-1,1,1694,2722,4500,0,1497,898
rank,bronze-3,platinum-2,1,2033,3304,4500,0,1817,1090
rank,bronze-3,platinum-3,1,2627,3884,4500,0,2136,1282
rank,bronze-3,diamond-1,1,3072,4859,4500,0,2672,1603
rank,bronze-3,diamond-2,1,3671,6000,4500,300,3120,1872
rank,bronze-3,diamond-3,1,4430,7409,4500,300,3853,2312
rank,bronze-3,champion-1,1,5430,9262,4500,300,4816,2890
rank,bronze-3,champion-2,1,6469,11195,4500,600,5486,3292
rank,bronze-3,champion-3,1,8748,13598,4500,600,6663,3998
rank,bronze-3,grand-champion-1,1,11227,16962,4500,900,7803,4682
rank,bronze-3,grand-champion-2,1,13746,21767,4500,1200,9360,5616
rank,bronze-3,grand-champion-3,1,19426,28496,4500,1200,12253,7352
rank,bronze-3,supersonic-legend,1,25425,40685,4500,1200,17495,10497
rank,silver-1,silver-2,1,199,291,4500,0,160,96
rank,silver-1,silver-3,1,448,630,4500,0,347,208
rank,silver-1,gold-1,1,649,969,4500,0,533,320
rank,silver-1,gold-2,1,946,1356,4500,0,746,448
rank,silver-1,gold-3,1,1165,1743,4500,0,959,575
rank,silver-1,platinum-1,1,1570,2430,4500,0,1337,802
rank,silver-1,platinum-2,1,1822,3013,4500,0,1657,994
rank,silver-1,platinum-3,1,2416,3593,4500,0,1976,1186
rank,silver-1,diamond-1,1,3052,4568,4500,0,2512,1507
rank,silver-1,diamond-2,1,3472,5709,4500,300,2969,1781
rank,silver-1,diamond-3,1,4231,7118,4500,300,3701,2221
rank,silver-1,champion-1,1,5230,8970,4500,300,4664,2798
rank,silver-1,champion-2,1,6270,10904,4500,600,5343,3206
rank,silver-1,champion-3,1,8549,13306,4500,600,6520,3912
rank,silver-1,grand-champion-1,1,11028,16670,4500,900,7668,4601
rank,silver-1,grand-champion-2,1,13547,21476,4500,1200,9235,5541
rank,silver-1,grand-champion-3,1,19226,28205,4500,1200,12128,7277
rank,silver-1,supersonic-legend,1,25226,40394,4500,1200,17369,10421
rank,silver-2,silver-3,1,249,339,4500,0,186,112
rank,silver-2,gold-1,1,498,677,4500,0,372,223
rank,silver-2,gold-2,1,757,1065,4500,0,586,352
rank,silver-2,gold-3,1,1041,1452,4500,0,799,479
rank,silver-2,platinum-1,1,1390,2139,4500,0,1176,706
rank,silver-2,platinum-2,1,1750,2722,4500,0,1497,898
rank,silver-2,platinum-3,1,2247,3301,4500,0,1816,1090
rank,silver-2,diamond-1,1,2883,4276,4500,0,2352,1411
rank,silver-2,diamond-2,1,3520,5417,4500,300,2817,1690
rank,silver-2,diamond-3,1,4072,6826,4500,300,3550,2130
rank,silver-2,champion-1,1,5071,8679,4500,300,4513,2708
rank,silver-2,champion-2,1,6110,10613,4500,600,5200,3120
rank,silver-2,champion-3,1,8390,13015,4500,600,6377,3826
rank,silver-2,grand-champion-1,1,10869,16379,4500,900,7534,4520
rank,silver-2,grand-champion-2,1,13388,21185,4500,1200,9110,5466
rank,silver-2,grand-champion-3,1,19067,27913,4500,1200,12003,7202
rank,silver-2,supersonic-legend,1,25066,40102,4500,1200,17244,10346
rank,silver-3,gold-1,1,249,339,4500,0,186,112
rank,silver-3,gold-2,1,548,726,4500,0,399,239
rank,silver-3,gold-3,1,805,1113,4500,0,612,367
rank,silver-3,platinum-1,1,1231,1800,4500,0,990,594
rank,silver-3,platinum-2,1,1525,2383,4500,0,1311,787
rank,silver-3,platinum-3,1,2155,2962,4500,0,1629,977
rank,silver-3,diamond-1,1,2672,3938,4500,0,2166,1300
rank,silver-3,diamond-2,1,3308,5079,4500,300,2641,1585
rank,silver-3,diamond-3,1,4115,6488,4500,300,3374,2024
rank,silver-3,champion-1,1,4872,8340,4500,300,4337,2602
rank,silver-3,champion-2,1,5911,10274,4500,600,5034,3020
rank,silver-3,champion-3,1,8190,12676,4500,600,6211,3727
rank,silver-3,grand-champion-1,1,10670,16040,4500,900,7378,4427
rank,silver-3,grand-champion-2,1,13189,20846,4500,1200,8964,5378
rank,silver-3,grand-champion-3,1,18868,27575,4500,1200,11857,7114
rank,silver-3,supersonic-legend,1,24867,39764,4500,1200,17099,10259
rank,gold-1,gold-2,1,299,387,4500,0,213,128
rank,gold-1,gold-3,1,598,774,4500,0,426,256
rank,gold-1,platinum-1,1,995,1461,4500,0,804,482
rank,gold-1,platinum-2,1,1374,2044,4500,0,1124,674
rank,gold-1,platinum-3,1,1930,2624,4500,0,1443,866
rank,gold-1,diamond-1,1,2605,3599,4500,0,1979,1187
rank,gold-1,diamond-2,1,3097,4740,4500,0,2607,1564
rank,gold-1,diamond-3,1,3903,6149,4500,300,3197,1918
rank,gold-1,champion-1,1,4965,8002,4500,300,4161,2497
rank,gold-1,champion-2,1,5712,9935,4500,300,5166,3100
rank,gold-1,champion-3,1,7991,12338,4500,600,6046,3628
rank,gold-1,grand-champion-1,1,10470,15701,4500,900,7222,4333
rank,gold-1,grand-champion-2,1,12990,20507,4500,1200,8818,5291
rank,gold-1,grand-champion-3,1,18669,27236,4500,1200,11711,7027
rank,gold-1,supersonic-legend,1,24668,39425,4500,1200,16953,10172
rank,gold-2,gold-3,1,299,387,4500,0,213,128
rank,gold-2,platinum-1,1,748,1074,4500,0,591,355
rank,gold-2,platinum-2,1,1090,1657,4500,0,911,547
rank,gold-2,platinum-3,1,1754,2237,4500,0,1230,738
rank,gold-2,diamond-1,1,2335,3212,4500,0,1767,1060
rank,gold-2,diamond-2,1,3010,4353,4500,0,2394,1436
rank,gold-2,diamond-3,1,3649,5762,4500,300,2996,1798
rank,gold-2,champion-1,1,4711,7615,4500,300,3960,2376
rank,gold-2,champion-2,1,5815,9548,4500,300,4965,2979
rank,gold-2,champion-3,1,7752,11950,4500,600,5856,3514
rank,gold-2,grand-champion-1,1,10231,15314,4500,900,7044,4226
rank,gold-2,grand-champion-2,1,12750,20120,4500,1200,8652,5191
rank,gold-2,grand-champion-3,1,18430,26849,4500,1200,11545,6927
rank,gold-2,supersonic-legend,1,24429,39038,4500,1200,16786,10072
rank,gold-3,platinum-1,1,449,687,4500,0,378,227
rank,gold-3,platinum-2,1,848,1270,4500,0,699,419
rank,gold-3,platinum-3,1,1470,1850,4500,0,1018,611
rank,gold-3,diamond-1,1,2181,2825,4500,0,1554,932
rank,gold-3,diamond-2,1,2740,3966,4500,0,2181,1309
rank,gold-3,diamond-3,1,3595,5375,4500,300,2795,1677
rank,gold-3,champion-1,1,4457,7227,4500,300,3758,2255
rank,gold-3,champion-2,1,5561,9161,4500,300,4764,2858
rank,gold-3,champion-3,1,7982,11563,4500,600,5666,3400
rank,gold-3,grand-champion-1,1,9992,14927,4500,600,7314,4388
rank,gold-3,grand-champion-2,1,12511,19733,4500,900,9077,5446
rank,gold-3,grand-champion-3,1,18190,26462,4500,1200,11379,6827
rank,gold-3,supersonic-legend,1,24190,38651,4500,1200,16620,9972
rank,platinum-1,platinum-2,1,399,583,4500,0,321,193
rank,platinum-1,platinum-3,1,1098,1162,4500,0,639,383
rank,platinum-1,diamond-1,1,1399,2138,4500,0,1176,706
rank,platinum-1,diamond-2,1,2466,3279,4500,0,1803,1082
rank,platinum-1,diamond-3,1,3190,4688,4500,0,2578,1547
rank,platinum-1,champion-1,1,4315,6540,4500,300,3401,2041
rank,platinum-1,champion-2,1,5179,8474,4500,300,4406,2644
rank,platinum-1,champion-3,1,7601,10876,4500,600,5329,3197
rank,platinum-1,grand-champion-1,1,10235,14240,4500,600,6978,4187
rank,platinum-1,grand-champion-2,1,12152,19046,4500,900,8761,5257
rank,platinum-1,grand-champion-3,1,17831,25775,4500,1200,11083,6650
rank,platinum-1,supersonic-legend,1,23830,37964,4500,1200,16325,9795
rank,platinum-2,platinum-3,1,699,580,4500,0,319,191
rank,platinum-2,diamond-1,1,1448,1555,4500,0,855,513
rank,platinum-2,diamond-2,1,2087,2696,4500,0,1483,890
rank,platinum-2,diamond-3,1,2989,4105,4500,0,2258,1355
rank,platinum-2,champion-1,1,3955,5958,4500,300,3098,1859
rank,platinum-2,champion-2,1,5125,7891,4500,300,4103,2462
rank,platinum-2,champion-3,1,7262,10293,4500,600,5044,3026
rank,platinum-2,grand-champion-1,1,9896,13657,4500,600,6692,4015
rank,platinum-2,grand-champion-2,1,12572,18463,4500,900,8493,5096
rank,platinum-2,grand-champion-3,1,17512,25192,4500,1200,10833,6500
rank,platinum-2,supersonic-legend,1,23511,37381,4500,1200,16074,9644
rank,platinum-3,diamond-1,1,749,975,4500,0,536,322
rank,platinum-3,diamond-2,1,1498,2116,4500,0,1164,698
rank,platinum-3,diamond-3,1,2325,3525,4500,0,1939,1163
rank,platinum-3,champion-1,1,3511,5378,4500,300,2797,1678
rank,platinum-3,champion-2,1,4495,7311,4500,300,3802,2281
rank,platinum-3,champion-3,1,7060,9714,4500,300,5051,3031
rank,platinum-3,grand-champion-1,1,9302,13078,4500,600,6408,3845
rank,platinum-3,grand-champion-2,1,11978,17884,4500,900,8227,4936
rank,platinum-3,grand-champion-3,1,18012,24612,4500,1200,10583,6350
rank,platinum-3,supersonic-legend,1,22952,36801,4500,1200,15824,9494
rank,diamond-1,diamond-2,1,749,1141,4500,0,628,377
rank,diamond-1,diamond-3,1,1698,2550,4500,0,1403,842
rank,diamond-1,champion-1,1,2800,4403,4500,0,2422,1453
rank,diamond-1,champion-2,1,4034,6336,4500,300,3295,1977
rank,diamond-1,champion-3,1,6385,8739,4500,300,4544,2726
rank,diamond-1,grand-champion-1,1,9175,12102,4500,600,5930,3558
rank,diamond-1,grand-champion-2,1,11342,16908,4500,900,7778,4667
rank,diamond-1,grand-champion-3,1,17376,23637,4500,1200,10164,6098
rank,diamond-1,supersonic-legend,1,23750,35826,4500,1200,15405,9243
rank,diamond-2,diamond-3,1,949,1409,4500,0,775,465
rank,diamond-2,champion-1,1,2198,3262,4500,0,1794,1076
rank,diamond-2,champion-2,1,3322,5195,4500,300,2701,1621
rank,diamond-2,champion-3,1,6029,7598,4500,300,3951,2371
rank,diamond-2,grand-champion-1,1,8500,10961,4500,600,5371,3223
rank,diamond-2,grand-champion-2,1,11335,15767,4500,900,7253,4352
rank,diamond-2,grand-champion-3,1,16739,22496,4500,1200,9673,5804
rank,diamond-2,supersonic-legend,1,23113,34685,4500,1200,14915,8949
rank,diamond-3,champion-1,1,1249,1853,4500,0,1019,611
rank,diamond-3,champion-2,1,2548,3786,4500,0,2082,1249
rank,diamond-3,champion-3,1,5127,6189,4500,300,3218,1931
rank,diamond-3,grand-champion-1,1,8071,9553,4500,300,4968,2981
rank,diamond-3,grand-champion-2,1,10480,14358,4500,600,7035,4221
rank,diamond-3,grand-champion-3,1,16870,21087,4500,1200,9067,5440
rank,diamond-3,supersonic-legend,1,22307,33276,4500,1200,14309,8585
rank,champion-1,champion-2,1,1299,1934,4500,0,1064,638
rank,champion-1,champion-3,1,4148,4336,4500,0,2385,1431
rank,champion-1,grand-champion-1,1,4899,7700,4500,300,4004,2402
rank,champion-1,grand-champion-2,1,9876,12506,4500,600,6128,3677
rank,champion-1,grand-champion-3,1,15745,19234,4500,900,8848,5309
rank,champion-1,supersonic-legend,1,22495,31423,4500,1200,13512,8107
rank,champion-2,champion-3,1,2849,2402,4500,0,1321,793
rank,champion-2,grand-champion-1,1,5948,5766,4500,300,2998,1799
rank,champion-2,grand-champion-2,1,8642,10572,4500,600,5180,3108
rank,champion-2,grand-champion-3,1,15386,17301,4500,900,7958,4775
rank,champion-2,supersonic-legend,1,21325,29490,4500,1200,12681,7609
rank,champion-3,grand-champion-1,1,3099,3364,4500,0,1850,1110
rank,champion-3,grand-champion-2,1,6248,8170,4500,300,4248,2549
rank,champion-3,grand-champion-3,1,12680,14898,4500,600,7300,4380
rank,champion-3,supersonic-legend,1,19804,27088,4500,1200,11648,6989
rank,grand-champion-1,grand-champion-2,1,3149,4806,4500,0,2643,1586
rank,grand-champion-1,grand-champion-3,1,10248,11535,4500,600,5652,3391
rank,grand-champion-1,supersonic-legend,1,11999,23724,4500,1200,10201,6121
rank,grand-champion-2,grand-champion-3,1,7099,6729,4500,300,3499,2099
rank,grand-champion-2,supersonic-legend,1,14598,18918,4500,900,8702,5221
rank,grand-champion-3,supersonic-legend,1,7499,12189,4500,600,5973,3584
wins,bronze-1,,1,129,188,4500,0,103,62
wins,bronze-1,,2,258,376,4500,0,207,124
wins,bronze-1,,3,368,564,4500,0,310,186
wins,bronze-1,,4,490,752,4500,0,414,248
wins,bronze-1,,5,593,941,4500,0,518,311
wins,bronze-1,,6,712,1129,4500,0,621,373
wins,bronze-1,,7,831,1317,4500,0,724,434
wins,bronze-1,,8,908,1505,4500,0,828,497
wins,bronze-1,,9,1022,1693,4500,0,931,559
wins,bronze-1,,10,1135,1881,4500,0,1035,621
wins,bronze-1,,11,1206,2069,4500,0,1138,683
wins,bronze-1,,12,1316,2257,4500,0,1241,745
wins,bronze-2,,1,129,188,4500,0,103,62
wins,bronze-2,,2,258,376,4500,0,207,124
wins,bronze-2,,3,368,564,4500,0,310,186
wins,bronze-2,,4,490,752,4500,0,414,248
wins,bronze-2,,5,593,941,4500,0,518,311
wins,bronze-2,,6,712,1129,4500,0,621,373
wins,bronze-2,,7,831,1317,4500,0,724,434
wins,bronze-2,,8,908,1505,4500,0,828,497
wins,bronze-2,,9,1022,1693,4500,0,931,559
wins,bronze-2,,10,1135,1881,4500,0,1035,621
wins,bronze-2,,11,1206,2069,4500,0,1138,683
wins,bronze-2,,12,1316,2257,4500,0,1241,745
wins,bronze-3,,1,129,188,4500,0,103,62
wins,bronze-3,,2,258,376,4500,0,207,124
wins,bronze-3,,3,368,564,4500,0,310,186
wins,bronze-3,,4,490,752,4500,0,414,248
wins,bronze-3,,5,593,941,4500,0,518,311
wins,bronze-3,,6,712,1129,4500,0,621,373
wins,bronze-3,,7,831,1317,4500,0,724,434
wins,bronze-3,,8,908,1505,4500,0,828,497
wins,bronze-3,,9,1022,1693,4500,0,931,559
wins,bronze-3,,10,1135,1881,4500,0,1035,621
wins,bronze-3,,11,1206,2069,4500,0,1138,683
wins,bronze-3,,12,1316,2257,4500,0,1241,745
wins,silver-1,,1,189,283,4500,0,156,94
wins,silver-1,,2,378,565,4500,0,311,187
wins,silver-1,,3,539,848,4500,0,466,280
wins,silver-1,,4,718,1131,4500,0,622,373
wins,silver-1,,5,869,1414,4500,0,778,467
wins,silver-1,,6,1043,1696,4500,0,933,560
wins,silver-1,,7,1217,1979,4500,0,1088,653
wins,silver-1,,8,1331,2262,4500,0,1244,746
wins,silver-1,,9,1497,2544,4500,0,1399,839
wins,silver-1,,10,1663,2827,4500,0,1555,933
wins,silver-1,,11,1767,3110,4500,0,1711,1027
wins,silver-1,,12,1928,3392,4500,0,1866,1120
wins,silver-2,,1,189,283,4500,0,156,94
wins,silver-2,,2,378,565,4500,0,311,187
wins,silver-2,,3,539,848,4500,0,466,280
wins,silver-2,,4,718,1131,4500,0,622,373
wins,silver-2,,5,869,1414,4500,0,778,467
wins,silver-2,,6,1043,1696,4500,0,933,560
wins,silver-2,,7,1217,1979,4500,0,1088,653
wins,silver-2,,8,1331,2262,4500,0,1244,746
wins,silver-2,,9,1497,2544,4500,0,1399,839
wins,silver-2,,10,1663,2827,4500,0,1555,933
wins,silver-2,,11,1767,3110,4500,0,1711,1027
wins,silver-2,,12,1928,3392,4500,0,1866,1120
wins,silver-3,,1,189,283,4500,0,156,94
wins,silver-3,,2,378,565,4500,0,311,187
wins,silver-3,,3,539,848,4500,0,466,280
wins,silver-3,,4,718,1131,4500,0,622,373
wins,silver-3,,5,869,1414,4500,0,778,467
wins,silver-3,,6,1043,1696,4500,0,933,560
wins,silver-3,,7,1217,1979,4500,0,1088,653
wins,silver-3,,8,1331,2262,4500,0,1244,746
wins,silver-3,,9,1497,2544,4500,0,1399,839
wins,silver-3,,10,1663,2827,4500,0,1555,933
wins,silver-3,,11,1767,3110,4500,0,1711,1027
wins,silver-3,,12,1928,3392,4500,0,1866,1120
wins,gold-1,,1,249,386,4500,0,212,127
wins,gold-1,,2,498,772,4500,0,425,255
wins,gold-1,,3,710,1158,4500,0,637,382
wins,gold-1,,4,946,1544,4500,0,849,509
wins,gold-1,,5,1145,1931,4500,0,1062,637
wins,gold-1,,6,1374,2317,4500,0,1274,764
wins,gold-1,,7,1604,2703,4500,0,1487,892
wins,gold-1,,8,1753,3089,4500,0,1699,1019
wins,gold-1,,9,1972,3475,4500,0,1911,1147
wins,gold-1,,10,2191,3861,4500,0,2124,1274
wins,gold-1,,11,2328,4247,4500,0,2336,1402
wins,gold-1,,12,2540,4633,4500,0,2548,1529
wins,gold-2,,1,249,386,4500,0,212,127
wins,gold-2,,2,498,772,4500,0,425,255
wins,gold-2,,3,710,1158,4500,0,637,382
wins,gold-2,,4,946,1544,4500,0,849,509
wins,gold-2,,5,1145,1931,4500,0,1062,637
wins,gold-2,,6,1374,2317,4500,0,1274,764
wins,gold-2,,7,1604,2703,4500,0,1487,892
wins,gold-2,,8,1753,3089,4500,0,1699,1019
wins,gold-2,,9,1972,3475,4500,0,1911,1147
wins,gold-2,,10,2191,3861,4500,0,2124,1274
wins,gold-2,,11,2328,4247,4500,0,2336,1402
wins,gold-2,,12,2540,4633,4500,0,2548,1529
wins,gold-3,,1,249,386,4500,0,212,127
wins,gold-3,,2,498,772,4500,0,425,255
wins,gold-3,,3,710,1158,4500,0,637,382
wins,gold-3,,4,946,1544,4500,0,849,509
wins,gold-3,,5,1145,1931,4500,0,1062,637
wins,gold-3,,6,1374,2317,4500,0,1274,764
wins,gold-3,,7,1604,2703,4500,0,1487,892
wins,gold-3,,8,1753,3089,4500,0,1699,1019
wins,gold-3,,9,1972,3475,4500,0,1911,1147
wins,gold-3,,10,2191,3861,4500,0,2124,1274
wins,gold-3,,11,2328,4247,4500,0,2336,1402
wins,gold-3,,12,2540,4633,4500,0,2548,1529
wins,platinum-1,,1,319,490,4500,0,270,162
wins,platinum-1,,2,638,979,4500,0,538,323
wins,platinum-1,,3,909,1469,4500,0,808,485
wins,platinum-1,,4,1212,1958,4500,0,1077,646
wins,platinum-1,,5,1467,2448,4500,0,1346,808
wins,platinum-1,,6,1761,2937,4500,0,1615,969
wins,platinum-1,,7,2054,3427,4500,0,1885,1131
wins,platinum-1,,8,2246,3916,4500,0,2154,1292
wins,platinum-1,,9,2526,4406,4500,0,2423,1454
wins,platinum-1,,10,2807,4895,4500,0,2692,1615
wins,platinum-1,,11,2983,5385,4500,300,2800,1680
wins,platinum-1,,12,3254,5874,4500,300,3054,1832
wins,platinum-2,,1,319,490,4500,0,270,162
wins,platinum-2,,2,638,979,4500,0,538,323
wins,platinum-2,,3,909,1469,4500,0,808,485
wins,platinum-2,,4,1212,1958,4500,0,1077,646
wins,platinum-2,,5,1467,2448,4500,0,1346,808
wins,platinum-2,,6,1761,2937,4500,0,1615,969
wins,platinum-2,,7,2054,3427,4500,0,1885,1131
wins,platinum-2,,8,2246,3916,4500,0,2154,1292
wins,platinum-2,,9,2526,4406,4500,0,2423,1454
wins,platinum-2,,10,2807,4895,4500,0,2692,1615
wins,platinum-2,,11,2983,5385,4500,300,2800,1680
wins,platinum-2,,12,3254,5874,4500,300,3054,1832
wins,platinum-3,,1,319,490,4500,0,270,162
wins,platinum-3,,2,638,979,4500,0,538,323
wins,platinum-3,,3,909,1469,4500,0,808,485
wins,platinum-3,,4,1212,1958,4500,0,1077,646
wins,platinum-3,,5,1467,2448,4500,0,1346,808
wins,platinum-3,,6,1761,2937,4500,0,1615,969
wins,platinum-3,,7,2054,3427,4500,0,1885,1131
wins,platinum-3,,8,2246,3916,4500,0,2154,1292
wins,platinum-3,,9,2526,4406,4500,0,2423,1454
wins,platinum-3,,10,2807,4895,4500,0,2692,1615
wins,platinum-3,,11,2983,5385,4500,300,2800,1680
wins,platinum-3,,12,3254,5874,4500,300,3054,1832
wins,diamond-1,,1,319,490,4500,0,270,162
wins,diamond-1,,2,638,979,4500,0,538,323
wins,diamond-1,,3,909,1469,4500,0,808,485
wins,diamond-1,,4,1212,1958,4500,0,1077,646
wins,diamond-1,,5,1467,2448,4500,0,1346,808
wins,diamond-1,,6,1761,2937,4500,0,1615,969
wins,diamond-1,,7,2054,3427,4500,0,1885,1131
wins,diamond-1,,8,2246,3916,4500,0,2154,1292
wins,diamond-1,,9,2526,4406,4500,0,2423,1454
wins,diamond-1,,10,2807,4895,4500,0,2692,1615
wins,diamond-1,,11,2983,5385,4500,300,2800,1680
wins,diamond-1,,12,3254,5874,4500,300,3054,1832
wins,diamond-2,,1,319,490,4500,0,270,162
wins,diamond-2,,2,638,979,4500,0,538,323
wins,diamond-2,,3,909,1469,4500,0,808,485
wins,diamond-2,,4,1212,1958,4500,0,1077,646
wins,diamond-2,,5,1467,2448,4500,0,1346,808
wins,diamond-2,,6,1761,2937,4500,0,1615,969
wins,diamond-2,,7,2054,3427,4500,0,1885,1131
wins,diamond-2,,8,2246,3916,4500,0,2154,1292
wins,diamond-2,,9,2526,4406,4500,0,2423,1454
wins,diamond-2,,10,2807,4895,4500,0,2692,1615
wins,diamond-2,,11,2983,5385,4500,300,2800,1680
wins,diamond-2,,12,3254,5874,4500,300,3054,1832
wins,diamond-3,,1,319,490,4500,0,270,162
wins,diamond-3,,2,638,979,4500,0,538,323
wins,diamond-3,,3,909,1469,4500,0,808,485
wins,diamond-3,,4,1212,1958,4500,0,1077,646
wins,diamond-3,,5,1467,2448,4500,0,1346,808
wins,diamond-3,,6,1761,2937,4500,0,1615,969
wins,diamond-3,,7,2054,3427,4500,0,1885,1131
wins,diamond-3,,8,2246,3916,4500,0,2154,1292
wins,diamond-3,,9,2526,4406,4500,0,2423,1454
wins,diamond-3,,10,2807,4895,4500,0,2692,1615
wins,diamond-3,,11,2983,5385,4500,300,2800,1680
wins,diamond-3,,12,3254,5874,4500,300,3054,1832
wins,champion-1,,1,449,688,4500,0,378,227
wins,champion-1,,2,898,1375,4500,0,756,454
wins,champion-1,,3,1280,2063,4500,0,1135,681
wins,champion-1,,4,1706,2750,4500,0,1513,908
wins,champion-1,,5,2065,3438,4500,0,1891,1135
wins,champion-1,,6,2478,4125,4500,0,2269,1361
wins,champion-1,,7,2892,4813,4500,0,2647,1588
wins,champion-1,,8,3161,5500,4500,300,2860,1716
wins,champion-1,,9,3556,6188,4500,300,3218,1931
wins,champion-1,,10,3951,6875,4500,300,3575,2145
wins,champion-1,,11,4198,7563,4500,300,3933,2360
wins,champion-1,,12,4580,8250,4500,300,4290,2574
wins,champion-2,,1,449,688,4500,0,378,227
wins,champion-2,,2,898,1375,4500,0,756,454
wins,champion-2,,3,1280,2063,4500,0,1135,681
wins,champion-2,,4,1706,2750,4500,0,1513,908
wins,champion-2,,5,2065,3438,4500,0,1891,1135
wins,champion-2,,6,2478,4125,4500,0,2269,1361
wins,champion-2,,7,2892,4813,4500,0,2647,1588
wins,champion-2,,8,3161,5500,4500,300,2860,1716
wins,champion-2,,9,3556,6188,4500,300,3218,1931
wins,champion-2,,10,3951,6875,4500,300,3575,2145
wins,champion-2,,11,4198,7563,4500,300,3933,2360
wins,champion-2,,12,4580,8250,4500,300,4290,2574
wins,champion-3,,1,499,776,4500,0,427,256
wins,champion-3,,2,998,1551,4500,0,853,512
wins,champion-3,,3,1422,2327,4500,0,1280,768
wins,champion-3,,4,1896,3102,4500,0,1706,1024
wins,champion-3,,5,2295,3878,4500,0,2133,1280
wins,champion-3,,6,2754,4653,4500,0,2559,1535
wins,champion-3,,7,3214,5429,4500,300,2823,1694
wins,champion-3,,8,3513,6204,4500,300,3226,1936
wins,champion-3,,9,3952,6980,4500,300,3630,2178
wins,champion-3,,10,4391,7755,4500,300,4033,2420
wins,champion-3,,11,4666,8531,4500,300,4436,2662
wins,champion-3,,12,5090,9306,4500,300,4839,2903
wins,grand-champion-1,,1,549,843,4500,0,464,278
wins,grand-champion-1,,2,1098,1685,4500,0,927,556
wins,grand-champion-1,,3,1565,2528,4500,0,1390,834
wins,grand-champion-1,,4,2086,3370,4500,0,1854,1112
wins,grand-champion-1,,5,2525,4213,4500,0,2317,1390
wins,grand-champion-1,,6,3030,5056,4500,300,2629,1577
wins,grand-champion-1,,7,3536,5898,4500,300,3067,1840
wins,grand-champion-1,,8,3865,6741,4500,300,3505,2103
wins,grand-champion-1,,9,4348,7583,4500,300,3943,2366
wins,grand-champion-1,,10,4831,8426,4500,300,4382,2629
wins,grand-champion-1,,11,5133,9269,4500,300,4820,2892
wins,grand-champion-1,,12,5600,10111,4500,600,4954,2972
wins,grand-champion-2,,1,579,886,4500,0,487,292
wins,grand-champion-2,,2,1158,1771,4500,0,974,584
wins,grand-champion-2,,3,1650,2657,4500,0,1461,877
wins,grand-champion-2,,4,2200,3542,4500,0,1948,1169
wins,grand-champion-2,,5,2663,4428,4500,0,2435,1461
wins,grand-champion-2,,6,3196,5313,4500,300,2763,1658
wins,grand-champion-2,,7,3729,6199,4500,300,3223,1934
wins,grand-champion-2,,8,4076,7084,4500,300,3684,2210
wins,grand-champion-2,,9,4586,7970,4500,300,4144,2486
wins,grand-champion-2,,10,5095,8855,4500,300,4605,2763
wins,grand-champion-2,,11,5414,9741,4500,300,5065,3039
wins,grand-champion-2,,12,5906,10626,4500,600,5207,3124
wins,grand-champion-3,,1,799,1218,4500,0,670,402
wins,grand-champion-3,,2,1598,2435,4500,0,1339,803
wins,grand-champion-3,,3,2277,3653,4500,0,2009,1205
wins,grand-champion-3,,4,3036,4871,4500,0,2679,1607
wins,grand-champion-3,,5,3675,6089,4500,300,3166,1900
wins,grand-champion-3,,6,4410,7306,4500,300,3799,2279
wins,grand-champion-3,,7,5146,8524,4500,300,4432,2659
wins,grand-champion-3,,8,5625,9742,4500,300,5066,3040
wins,grand-champion-3,,9,6328,10959,4500,600,5370,3222
wins,grand-champion-3,,10,7031,12177,4500,600,5967,3580
wins,grand-champion-3,,11,7471,13395,4500,600,6564,3938
wins,grand-champion-3,,12,8150,14612,4500,600,7160,4296
wins,supersonic-legend,,1,1249,1911,4500,0,1051,631
wins,supersonic-legend,,2,2498,3823,4500,0,2103,1262
wins,supersonic-legend,,3,3560,5734,4500,300,2982,1789
wins,supersonic-legend,,4,4746,7645,4500,300,3975,2385
wins,supersonic-legend,,5,5745,9557,4500,300,4970,2982
wins,supersonic-legend,,6,6894,11468,4500,600,5619,3371
wins,supersonic-legend,,7,8044,13379,4500,600,6556,3934
wins,supersonic-legend,,8,8793,15290,4500,900,7033,4220
wins,supersonic-legend,,9,9892,17202,4500,900,7913,4748
wins,supersonic-legend,,10,10991,19113,4500,900,8792,5275
wins,supersonic-legend,,11,11678,21024,4500,1200,9040,5424
wins,supersonic-legend,,12,12740,22936,4500,1200,9862,5917
tournament,bronze,,1,1119,1718,4500,0,945,567
tournament,silver,,1,1369,2096,4500,0,1153,692
tournament,gold,,1,2079,3201,4500,0,1761,1057
tournament,platinum,,1,2799,4320,4500,0,2376,1426
tournament,diamond,,1,3429,5437,4500,300,2827,1696
tournament,champion,,1,4109,6515,4500,300,3388,2033
tournament,grand-champion,,1,5469,8677,4500,300,4512,2707
tournament,supersonic-legend,,1,9229,15608,4500,900,7180,4308
rewards,bronze-1,,1,123,106,4500,0,58,35
rewards,bronze-1,,2,234,211,4500,0,116,70
rewards,bronze-1,,3,332,317,4500,0,174,104
rewards,bronze-1,,4,403,422,4500,0,232,139
rewards,bronze-1,,5,504,528,4500,0,290,174
rewards,bronze-1,,6,598,634,4500,0,349,209
rewards,bronze-1,,7,697,739,4500,0,406,244
rewards,bronze-1,,8,787,845,4500,0,465,279
rewards,bronze-1,,9,886,950,4500,0,523,314
rewards,bronze-1,,10,972,1056,4500,0,581,349
rewards,bronze-2,,1,123,106,4500,0,58,35
rewards,bronze-2,,2,234,211,4500,0,116,70
rewards,bronze-2,,3,332,317,4500,0,174,104
rewards,bronze-2,,4,403,422,4500,0,232,139
rewards,bronze-2,,5,504,528,4500,0,290,174
rewards,bronze-2,,6,598,634,4500,0,349,209
rewards,bronze-2,,7,697,739,4500,0,406,244
rewards,bronze-2,,8,787,845,4500,0,465,279
rewards,bronze-2,,9,886,950,4500,0,523,314
rewards,bronze-2,,10,972,1056,4500,0,581,349
rewards,bronze-3,,1,123,106,4500,0,58,35
rewards,bronze-3,,2,234,211,4500,0,116,70
rewards,bronze-3,,3,332,317,4500,0,174,104
rewards,bronze-3,,4,403,422,4500,0,232,139
rewards,bronze-3,,5,504,528,4500,0,290,174
rewards,bronze-3,,6,598,634,4500,0,349,209
rewards,bronze-3,,7,697,739,4500,0,406,244
rewards,bronze-3,,8,787,845,4500,0,465,279
rewards,bronze-3,,9,886,950,4500,0,523,314
rewards,bronze-3,,10,972,1056,4500,0,581,349
rewards,silver-1,,1,123,212,4500,0,117,70
rewards,silver-1,,2,234,425,4500,0,234,140
rewards,silver-1,,3,332,637,4500,0,350,210
rewards,silver-1,,4,403,849,4500,0,467,280
rewards,silver-1,,5,504,1062,4500,0,584,350
rewards,silver-1,,6,598,1274,4500,0,701,421
rewards,silver-1,,7,697,1486,4500,0,817,490
rewards,silver-1,,8,787,1698,4500,0,934,560
rewards,silver-1,,9,886,1911,4500,0,1051,631
rewards,silver-1,,10,972,2123,4500,0,1168,701
rewards,silver-2,,1,123,212,4500,0,117,70
rewards,silver-2,,2,234,425,4500,0,234,140
rewards,silver-2,,3,332,637,4500,0,350,210
rewards,silver-2,,4,403,849,4500,0,467,280
rewards,silver-2,,5,504,1062,4500,0,584,350
rewards,silver-2,,6,598,1274,4500,0,701,421
rewards,silver-2,,7,697,1486,4500,0,817,490
rewards,silver-2,,8,787,1698,4500,0,934,560
rewards,silver-2,,9,886,1911,4500,0,1051,631
rewards,silver-2,,10,972,2123,4500,0,1168,701
rewards,silver-3,,1,123,212,4500,0,117,70
rewards,silver-3,,2,234,425,4500,0,234,140
rewards,silver-3,,3,332,637,4500,0,350,210
rewards,silver-3,,4,403,849,4500,0,467,280
rewards,silver-3,,5,504,1062,4500,0,584,350
rewards,silver-3,,6,598,1274,4500,0,701,421
rewards,silver-3,,7,697,1486,4500,0,817,490
rewards,silver-3,,8,787,1698,4500,0,934,560
rewards,silver-3,,9,886,1911,4500,0,1051,631
rewards,silver-3,,10,972,2123,4500,0,1168,701
rewards,gold-1,,1,142,329,4500,0,181,109
rewards,gold-1,,2,270,658,4500,0,362,217
rewards,gold-1,,3,383,987,4500,0,543,326
rewards,gold-1,,4,466,1316,4500,0,724,434
rewards,gold-1,,5,582,1645,4500,0,905,543
rewards,gold-1,,6,690,1973,4500,0,1085,651
rewards,gold-1,,7,805,2302,4500,0,1266,760
rewards,gold-1,,8,909,2631,4500,0,1447,868
rewards,gold-1,,9,1022,2960,4500,0,1628,977
rewards,gold-1,,10,1122,3289,4500,0,1809,1085
rewards,gold-2,,1,142,329,4500,0,181,109
rewards,gold-2,,2,270,658,4500,0,362,217
rewards,gold-2,,3,383,987,4500,0,543,326
rewards,gold-2,,4,466,1316,4500,0,724,434
rewards,gold-2,,5,582,1645,4500,0,905,543
rewards,gold-2,,6,690,1973,4500,0,1085,651
rewards,gold-2,,7,805,2302,4500,0,1266,760
rewards,gold-2,,8,909,2631,4500,0,1447,868
rewards,gold-2,,9,1022,2960,4500,0,1628,977
rewards,gold-2,,10,1122,3289,4500,0,1809,1085
rewards,gold-3,,1,142,329,4500,0,181,109
rewards,gold-3,,2,270,658,4500,0,362,217
rewards,gold-3,,3,383,987,4500,0,543,326
rewards,gold-3,,4,466,1316,4500,0,724,434
rewards,gold-3,,5,582,1645,4500,0,905,543
rewards,gold-3,,6,690,1973,4500,0,1085,651
rewards,gold-3,,7,805,2302,4500,0,1266,760
rewards,gold-3,,8,909,2631,4500,0,1447,868
rewards,gold-3,,9,1022,2960,4500,0,1628,977
rewards,gold-3,,10,1122,3289,4500,0,1809,1085
rewards,platinum-1,,1,208,329,4500,0,181,109
rewards,platinum-1,,2,395,658,4500,0,362,217
rewards,platinum-1,,3,562,987,4500,0,543,326
rewards,platinum-1,,4,682,1316,4500,0,724,434
rewards,platinum-1,,5,853,1645,4500,0,905,543
rewards,platinum-1,,6,1011,1973,4500,0,1085,651
rewards,platinum-1,,7,1179,2302,4500,0,1266,760
rewards,platinum-1,,8,1331,2631,4500,0,1447,868
rewards,platinum-1,,9,1498,2960,4500,0,1628,977
rewards,platinum-1,,10,1643,3289,4500,0,1809,1085
rewards,platinum-2,,1,208,329,4500,0,181,109
rewards,platinum-2,,2,395,658,4500,0,362,217
rewards,platinum-2,,3,562,987,4500,0,543,326
rewards,platinum-2,,4,682,1316,4500,0,724,434
rewards,platinum-2,,5,853,1645,4500,0,905,543
rewards,platinum-2,,6,1011,1973,4500,0,1085,651
rewards,platinum-2,,7,1179,2302,4500,0,1266,760
rewards,platinum-2,,8,1331,2631,4500,0,1447,868
rewards,platinum-2,,9,1498,2960,4500,0,1628,977
rewards,platinum-2,,10,1643,3289,4500,0,1809,1085
rewards,platinum-3,,1,275,329,4500,0,181,109
rewards,platinum-3,,2,522,658,4500,0,362,217
rewards,platinum-3,,3,742,987,4500,0,543,326
rewards,platinum-3,,4,902,1316,4500,0,724,434
rewards,platinum-3,,5,1127,1645,4500,0,905,543
rewards,platinum-3,,6,1336,1973,4500,0,1085,651
rewards,platinum-3,,7,1559,2302,4500,0,1266,760
rewards,platinum-3,,8,1760,2631,4500,0,1447,868
rewards,platinum-3,,9,1980,2960,4500,0,1628,977
rewards,platinum-3,,10,2172,3289,4500,0,1809,1085
rewards,diamond-1,,1,284,435,4500,0,239,143
rewards,diamond-1,,2,540,869,4500,0,478,287
rewards,diamond-1,,3,767,1304,4500,0,717,430
rewards,diamond-1,,4,932,1738,4500,0,956,574
rewards,diamond-1,,5,1164,2173,4500,0,1195,717
rewards,diamond-1,,6,1380,2607,4500,0,1434,860
rewards,diamond-1,,7,1610,3042,4500,0,1673,1004
rewards,diamond-1,,8,1818,3476,4500,0,1912,1147
rewards,diamond-1,,9,2045,3911,4500,0,2151,1291
rewards,diamond-1,,10,2244,4345,4500,0,2390,1434
rewards,diamond-2,,1,284,435,4500,0,239,143
rewards,diamond-2,,2,540,869,4500,0,478,287
rewards,diamond-2,,3,767,1304,4500,0,717,430
rewards,diamond-2,,4,932,1738,4500,0,956,574
rewards,diamond-2,,5,1164,2173,4500,0,1195,717
rewards,diamond-2,,6,1380,2607,4500,0,1434,860
rewards,diamond-2,,7,1610,3042,4500,0,1673,1004
rewards,diamond-2,,8,1818,3476,4500,0,1912,1147
rewards,diamond-2,,9,2045,3911,4500,0,2151,1291
rewards,diamond-2,,10,2244,4345,4500,0,2390,1434
rewards,diamond-3,,1,341,435,4500,0,239,143
rewards,diamond-3,,2,648,869,4500,0,478,287
rewards,diamond-3,,3,921,1304,4500,0,717,430
rewards,diamond-3,,4,1118,1738,4500,0,956,574
rewards,diamond-3,,5,1398,2173,4500,0,1195,717
rewards,diamond-3,,6,1657,2607,4500,0,1434,860
rewards,diamond-3,,7,1933,3042,4500,0,1673,1004
rewards,diamond-3,,8,2182,3476,4500,0,1912,1147
rewards,diamond-3,,9,2455,3911,4500,0,2151,1291
rewards,diamond-3,,10,2694,4345,4500,0,2390,1434
rewards,champion-1,,1,408,657,4500,0,361,217
rewards,champion-1,,2,775,1313,4500,0,722,433
rewards,champion-1,,3,1102,1970,4500,0,1084,650
rewards,champion-1,,4,1338,2627,4500,0,1445,867
rewards,champion-1,,5,1673,3284,4500,0,1806,1084
rewards,champion-1,,6,1983,3940,4500,0,2167,1300
rewards,champion-1,,7,2313,4597,4500,0,2528,1517
rewards,champion-1,,8,2611,5254,4500,300,2732,1639
rewards,champion-1,,9,2938,5910,4500,300,3073,1844
rewards,champion-1,,10,3223,6567,4500,300,3415,2049
rewards,champion-2,,1,427,657,4500,0,361,217
rewards,champion-2,,2,811,1313,4500,0,722,433
rewards,champion-2,,3,1153,1970,4500,0,1084,650
rewards,champion-2,,4,1401,2627,4500,0,1445,867
rewards,champion-2,,5,1751,3284,4500,0,1806,1084
rewards,champion-2,,6,2075,3940,4500,0,2167,1300
rewards,champion-2,,7,2421,4597,4500,0,2528,1517
rewards,champion-2,,8,2733,5254,4500,300,2732,1639
rewards,champion-2,,9,3074,5910,4500,300,3073,1844
rewards,champion-2,,10,3373,6567,4500,300,3415,2049
rewards,champion-3,,1,436,657,4500,0,361,217
rewards,champion-3,,2,828,1313,4500,0,722,433
rewards,champion-3,,3,1177,1970,4500,0,1084,650
rewards,champion-3,,4,1430,2627,4500,0,1445,867
rewards,champion-3,,5,1788,3284,4500,0,1806,1084
rewards,champion-3,,6,2119,3940,4500,0,2167,1300
rewards,champion-3,,7,2472,4597,4500,0,2528,1517
rewards,champion-3,,8,2790,5254,4500,300,2732,1639
rewards,champion-3,,9,3139,5910,4500,300,3073,1844
rewards,champion-3,,10,3444,6567,4500,300,3415,2049
rewards,grand-champion-1,,1,455,879,4500,0,483,290
rewards,grand-champion-1,,2,864,1758,4500,0,967,580
rewards,grand-champion-1,,3,1228,2637,4500,0,1450,870
rewards,grand-champion-1,,4,1492,3516,4500,0,1934,1160
rewards,grand-champion-1,,5,1865,4395,4500,0,2417,1450
rewards,grand-champion-1,,6,2211,5273,4500,300,2742,1645
rewards,grand-champion-1,,7,2580,6152,4500,300,3199,1919
rewards,grand-champion-1,,8,2912,7031,4500,300,3656,2194
rewards,grand-champion-1,,9,3276,7910,4500,300,4113,2468
rewards,grand-champion-1,,10,3594,8789,4500,300,4570,2742
rewards,grand-champion-2,,1,522,996,4500,0,548,329
rewards,grand-champion-2,,2,992,1991,4500,0,1095,657
rewards,grand-champion-2,,3,1409,2987,4500,0,1643,986
rewards,grand-champion-2,,4,1712,3982,4500,0,2190,1314
rewards,grand-champion-2,,5,2140,4978,4500,0,2738,1643
rewards,grand-champion-2,,6,2537,5973,4500,300,3106,1864
rewards,grand-champion-2,,7,2960,6969,4500,300,3624,2174
rewards,grand-champion-2,,8,3341,7964,4500,300,4141,2485
rewards,grand-champion-2,,9,3758,8960,4500,300,4659,2795
rewards,grand-champion-2,,10,4124,9955,4500,300,5177,3106
rewards,grand-champion-3,,1,522,1118,4500,0,615,369
rewards,grand-champion-3,,2,992,2235,4500,0,1229,737
rewards,grand-champion-3,,3,1409,3353,4500,0,1844,1106
rewards,grand-champion-3,,4,1712,4470,4500,0,2459,1475
rewards,grand-champion-3,,5,2140,5588,4500,300,2906,1744
rewards,grand-champion-3,,6,2537,6706,4500,300,3487,2092
rewards,grand-champion-3,,7,2960,7823,4500,300,4068,2441
rewards,grand-champion-3,,8,3341,8941,4500,300,4649,2789
rewards,grand-champion-3,,9,3758,10058,4500,600,4928,2957
rewards,grand-champion-3,,10,4124,11176,4500,600,5476,3286
rewards,supersonic-legend,,1,617,1496,4500,0,823,494
rewards,supersonic-legend,,2,1172,2992,4500,0,1646,988
rewards,supersonic-legend,,3,1666,4488,4500,0,2468,1481
rewards,supersonic-legend,,4,2024,5985,4500,300,3112,1867
rewards,supersonic-legend,,5,2530,7481,4500,300,3890,2334
rewards,supersonic-legend,,6,2999,8977,4500,300,4668,2801
rewards,supersonic-legend,,7,3498,10473,4500,600,5132,3079
rewards,supersonic-legend,,8,3949,11969,4500,600,5865,3519
rewards,supersonic-legend,,9,4442,13465,4500,600,6598,3959
rewards,supersonic-legend,,10,4874,14962,4500,600,7331,4399
placements,unrated,,1,189,289,4500,0,159,95
placements,unrated,,2,359,578,4500,0,318,191
placements,unrated,,3,510,867,4500,0,477,286
placements,unrated,,4,620,1156,4500,0,636,382
placements,unrated,,5,775,1445,4500,0,795,477
placements,unrated,,6,919,1734,4500,0,954,572
placements,unrated,,7,1072,2023,4500,0,1113,668
placements,unrated,,8,1210,2312,4500,0,1272,763
placements,unrated,,9,1361,2601,4500,0,1431,859
placements,unrated,,10,1493,2890,4500,0,1590,954
placements,bronze-1,,1,129,199,4500,0,109,65
placements,bronze-1,,2,245,398,4500,0,219,131
placements,bronze-1,,3,348,597,4500,0,328,197
placements,bronze-1,,4,423,796,4500,0,438,263
placements,bronze-1,,5,529,995,4500,0,547,328
placements,bronze-1,,6,627,1194,4500,0,657,394
placements,bronze-1,,7,731,1393,4500,0,766,460
placements,bronze-1,,8,826,1592,4500,0,876,526
placements,bronze-1,,9,929,1791,4500,0,985,591
placements,bronze-1,,10,1019,1990,4500,0,1095,657
placements,bronze-2,,1,129,199,4500,0,109,65
placements,bronze-2,,2,245,398,4500,0,219,131
placements,bronze-2,,3,348,597,4500,0,328,197
placements,bronze-2,,4,423,796,4500,0,438,263
placements,bronze-2,,5,529,995,4500,0,547,328
placements,bronze-2,,6,627,1194,4500,0,657,394
placements,bronze-2,,7,731,1393,4500,0,766,460
placements,bronze-2,,8,826,1592,4500,0,876,526
placements,bronze-2,,9,929,1791,4500,0,985,591
placements,bronze-2,,10,1019,1990,4500,0,1095,657
placements,bronze-3,,1,129,199,4500,0,109,65
placements,bronze-3,,2,245,398,4500,0,219,131
placements,bronze-3,,3,348,597,4500,0,328,197
placements,bronze-3,,4,423,796,4500,0,438,263
placements,bronze-3,,5,529,995,4500,0,547,328
placements,bronze-3,,6,627,1194,4500,0,657,394
placements,bronze-3,,7,731,1393,4500,0,766,460
placements,bronze-3,,8,826,1592,4500,0,876,526
placements,bronze-3,,9,929,1791,4500,0,985,591
placements,bronze-3,,10,1019,1990,4500,0,1095,657
placements,silver-1,,1,129,199,4500,0,109,65
placements,silver-1,,2,245,398,4500,0,219,131
placements,silver-1,,3,348,597,4500,0,328,197
placements,silver-1,,4,423,796,4500,0,438,263
placements,silver-1,,5,529,995,4500,0,547,328
placements,silver-1,,6,627,1194,4500,0,657,394
placements,silver-1,,7,731,1393,4500,0,766,460
placements,silver-1,,8,826,1592,4500,0,876,526
placements,silver-1,,9,929,1791,4500,0,985,591
placements,silver-1,,10,1019,1990,4500,0,1095,657
placements,silver-2,,1,129,199,4500,0,109,65
placements,silver-2,,2,245,398,4500,0,219,131
placements,silver-2,,3,348,597,4500,0,328,197
placements,silver-2,,4,423,796,4500,0,438,263
placements,silver-2,,5,529,995,4500,0,547,328
placements,silver-2,,6,627,1194,4500,0,657,394
placements,silver-2,,7,731,1393,4500,0,766,460
placements,silver-2,,8,826,1592,4500,0,876,526
placements,silver-2,,9,929,1791,4500,0,985,591
placements,silver-2,,10,1019,1990,4500,0,1095,657
placements,silver-3,,1,129,199,4500,0,109,65
placements,silver-3,,2,245,398,4500,0,219,131
placements,silver-3,,3,348,597,4500,0,328,197
placements,silver-3,,4,423,796,4500,0,438,263
placements,silver-3,,5,529,995,4500,0,547,328
placements,silver-3,,6,627,1194,4500,0,657,394
placements,silver-3,,7,731,1393,4500,0,766,460
placements,silver-3,,8,826,1592,4500,0,876,526
placements,silver-3,,9,929,1791,4500,0,985,591
placements,silver-3,,10,1019,1990,4500,0,1095,657
placements,gold-1,,1,149,221,4500,0,122,73
placements,gold-1,,2,283,442,4500,0,243,146
placements,gold-1,,3,402,663,4500,0,365,219
placements,gold-1,,4,489,884,4500,0,486,292
placements,gold-1,,5,611,1105,4500,0,608,365
placements,gold-1,,6,724,1326,4500,0,729,437
placements,gold-1,,7,845,1547,4500,0,851,511
placements,gold-1,,8,954,1768,4500,0,972,583
placements,gold-1,,9,1073,1989,4500,0,1094,656
placements,gold-1,,10,1177,2210,4500,0,1216,730
placements,gold-2,,1,149,221,4500,0,122,73
placements,gold-2,,2,283,442,4500,0,243,146
placements,gold-2,,3,402,663,4500,0,365,219
placements,gold-2,,4,489,884,4500,0,486,292
placements,gold-2,,5,611,1105,4500,0,608,365
placements,gold-2,,6,724,1326,4500,0,729,437
placements,gold-2,,7,845,1547,4500,0,851,511
placements,gold-2,,8,954,1768,4500,0,972,583
placements,gold-2,,9,1073,1989,4500,0,1094,656
placements,gold-2,,10,1177,2210,4500,0,1216,730
placements,gold-3,,1,149,221,4500,0,122,73
placements,gold-3,,2,283,442,4500,0,243,146
placements,gold-3,,3,402,663,4500,0,365,219
placements,gold-3,,4,489,884,4500,0,486,292
placements,gold-3,,5,611,1105,4500,0,608,365
placements,gold-3,,6,724,1326,4500,0,729,437
placements,gold-3,,7,845,1547,4500,0,851,511
placements,gold-3,,8,954,1768,4500,0,972,583
placements,gold-3,,9,1073,1989,4500,0,1094,656
placements,gold-3,,10,1177,2210,4500,0,1216,730
placements,platinum-1,,1,219,339,4500,0,186,112
placements,platinum-1,,2,416,678,4500,0,373,224
placements,platinum-1,,3,591,1017,4500,0,559,335
placements,platinum-1,,4,718,1356,4500,0,746,448
placements,platinum-1,,5,898,1695,4500,0,932,559
placements,platinum-1,,6,1064,2034,4500,0,1119,671
placements,platinum-1,,7,1242,2373,4500,0,1305,783
placements,platinum-1,,8,1402,2712,4500,0,1492,895
placements,platinum-1,,9,1577,3051,4500,0,1678,1007
placements,platinum-1,,10,1730,3390,4500,0,1865,1119
placements,platinum-2,,1,219,339,4500,0,186,112
placements,platinum-2,,2,416,678,4500,0,373,224
placements,platinum-2,,3,591,1017,4500,0,559,335
placements,platinum-2,,4,718,1356,4500,0,746,448
placements,platinum-2,,5,898,1695,4500,0,932,559
placements,platinum-2,,6,1064,2034,4500,0,1119,671
placements,platinum-2,,7,1242,2373,4500,0,1305,783
placements,platinum-2,,8,1402,2712,4500,0,1492,895
placements,platinum-2,,9,1577,3051,4500,0,1678,1007
placements,platinum-2,,10,1730,3390,4500,0,1865,1119
placements,platinum-3,,1,289,439,4500,0,241,145
placements,platinum-3,,2,549,878,4500,0,483,290
placements,platinum-3,,3,780,1317,4500,0,724,434
placements,platinum-3,,4,948,1756,4500,0,966,580
placements,platinum-3,,5,1185,2195,4500,0,1207,724
placements,platinum-3,,6,1405,2634,4500,0,1449,869
placements,platinum-3,,7,1639,3073,4500,0,1690,1014
placements,platinum-3,,8,1850,3512,4500,0,1932,1159
placements,platinum-3,,9,2081,3951,4500,0,2173,1304
placements,platinum-3,,10,2283,4390,4500,0,2415,1449
placements,diamond-1,,1,299,456,4500,0,251,151
placements,diamond-1,,2,568,912,4500,0,502,301
placements,diamond-1,,3,807,1368,4500,0,752,451
placements,diamond-1,,4,981,1824,4500,0,1003,602
placements,diamond-1,,5,1226,2280,4500,0,1254,752
placements,diamond-1,,6,1453,2736,4500,0,1505,903
placements,diamond-1,,7,1695,3192,4500,0,1756,1054
placements,diamond-1,,8,1914,3648,4500,0,2006,1204
placements,diamond-1,,9,2153,4104,4500,0,2257,1354
placements,diamond-1,,10,2362,4560,4500,0,2508,1505
placements,diamond-2,,1,299,456,4500,0,251,151
placements,diamond-2,,2,568,912,4500,0,502,301
placements,diamond-2,,3,807,1368,4500,0,752,451
placements,diamond-2,,4,981,1824,4500,0,1003,602
placements,diamond-2,,5,1226,2280,4500,0,1254,752
placements,diamond-2,,6,1453,2736,4500,0,1505,903
placements,diamond-2,,7,1695,3192,4500,0,1756,1054
placements,diamond-2,,8,1914,3648,4500,0,2006,1204
placements,diamond-2,,9,2153,4104,4500,0,2257,1354
placements,diamond-2,,10,2362,4560,4500,0,2508,1505
placements,diamond-3,,1,359,556,4500,0,306,184
placements,diamond-3,,2,682,1112,4500,0,612,367
placements,diamond-3,,3,969,1668,4500,0,917,550
placements,diamond-3,,4,1178,2224,4500,0,1223,734
placements,diamond-3,,5,1472,2780,4500,0,1529,917
placements,diamond-3,,6,1745,3336,4500,0,1835,1101
placements,diamond-3,,7,2036,3892,4500,0,2141,1285
placements,diamond-3,,8,2298,4448,4500,0,2446,1468
placements,diamond-3,,9,2585,5004,4500,300,2602,1561
placements,diamond-3,,10,2836,5560,4500,300,2891,1735
placements,champion-1,,1,429,539,4500,0,296,178
placements,champion-1,,2,815,1078,4500,0,593,356
placements,champion-1,,3,1158,1617,4500,0,889,533
placements,champion-1,,4,1407,2156,4500,0,1186,712
placements,champion-1,,5,1759,2695,4500,0,1482,889
placements,champion-1,,6,2085,3234,4500,0,1779,1067
placements,champion-1,,7,2432,3773,4500,0,2075,1245
placements,champion-1,,8,2746,4312,4500,0,2372,1423
placements,champion-1,,9,3089,4851,4500,0,2668,1601
placements,champion-1,,10,3389,5390,4500,300,2803,1682
placements,champion-2,,1,449,663,4500,0,365,219
placements,champion-2,,2,853,1326,4500,0,729,437
placements,champion-2,,3,1212,1989,4500,0,1094,656
placements,champion-2,,4,1473,2652,4500,0,1459,875
placements,champion-2,,5,1841,3315,4500,0,1823,1094
placements,champion-2,,6,2182,3978,4500,0,2188,1313
placements,champion-2,,7,2546,4641,4500,0,2553,1532
placements,champion-2,,8,2874,5304,4500,300,2758,1655
placements,champion-2,,9,3233,5967,4500,300,3103,1862
placements,champion-2,,10,3547,6630,4500,300,3448,2069
placements,champion-3,,1,459,606,4500,0,333,200
placements,champion-3,,2,872,1212,4500,0,667,400
placements,champion-3,,3,1239,1818,4500,0,1000,600
placements,champion-3,,4,1506,2424,4500,0,1333,800
placements,champion-3,,5,1882,3030,4500,0,1667,1000
placements,champion-3,,6,2231,3636,4500,0,2000,1200
placements,champion-3,,7,2603,4242,4500,0,2333,1400
placements,champion-3,,8,2938,4848,4500,0,2666,1600
placements,champion-3,,9,3305,5454,4500,300,2836,1702
placements,champion-3,,10,3626,6060,4500,300,3151,1891
placements,grand-champion-1,,1,479,738,4500,0,406,244
placements,grand-champion-1,,2,910,1476,4500,0,812,487
placements,grand-champion-1,,3,1293,2214,4500,0,1218,731
placements,grand-champion-1,,4,1571,2952,4500,0,1624,974
placements,grand-champion-1,,5,1964,3690,4500,0,2030,1218
placements,grand-champion-1,,6,2328,4428,4500,0,2435,1461
placements,grand-champion-1,,7,2716,5166,4500,300,2686,1612
placements,grand-champion-1,,8,3066,5904,4500,300,3070,1842
placements,grand-champion-1,,9,3449,6642,4500,300,3454,2072
placements,grand-champion-1,,10,3784,7380,4500,300,3838,2303
placements,grand-champion-2,,1,549,838,4500,0,461,277
placements,grand-champion-2,,2,1043,1676,4500,0,922,553
placements,grand-champion-2,,3,1482,2514,4500,0,1383,830
placements,grand-champion-2,,4,1801,3352,4500,0,1844,1106
placements,grand-champion-2,,5,2251,4190,4500,0,2305,1383
placements,grand-champion-2,,6,2668,5028,4500,300,2615,1569
placements,grand-champion-2,,7,3113,5866,4500,300,3050,1830
placements,grand-champion-2,,8,3514,6704,4500,300,3486,2092
placements,grand-champion-2,,9,3953,7542,4500,300,3922,2353
placements,grand-champion-2,,10,4337,8380,4500,300,4358,2615
placements,grand-champion-3,,1,549,838,4500,0,461,277
placements,grand-champion-3,,2,1043,1676,4500,0,922,553
placements,grand-champion-3,,3,1482,2514,4500,0,1383,830
placements,grand-champion-3,,4,1801,3352,4500,0,1844,1106
placements,grand-champion-3,,5,2251,4190,4500,0,2305,1383
placements,grand-champion-3,,6,2668,5028,4500,300,2615,1569
placements,grand-champion-3,,7,3113,5866,4500,300,3050,1830
placements,grand-champion-3,,8,3514,6704,4500,300,3486,2092
placements,grand-champion-3,,9,3953,7542,4500,300,3922,2353
placements,grand-champion-3,,10,4337,8380,4500,300,4358,2615
placements,supersonic-legend,,1,649,999,4500,0,549,329
placements,supersonic-legend,,2,1233,1998,4500,0,1099,659
placements,supersonic-legend,,3,1752,2997,4500,0,1648,989
placements,supersonic-legend,,4,2129,3996,4500,0,2198,1319
placements,supersonic-legend,,5,2661,4995,4500,0,2747,1648
placements,supersonic-legend,,6,3154,5994,4500,300,3117,1870
placements,supersonic-legend,,7,3680,6993,4500,300,3636,2182
placements,supersonic-legend,,8,4154,7992,4500,300,4156,2494
placements,supersonic-legend,,9,4673,8991,4500,300,4675,2805
placements,supersonic-legend,,10,5127,9990,4500,300,5195,3117
